url;title;album;album_release_date;author
https://www.youtube.com/watch?v=3FZlG8Jztxk;Unholy Confessions;Waking the Fallen;26.08.2003;Avenged Sevenfold
https://www.youtube.com/watch?v=IHS3qJdxefY;Bat Country;City of Evil;06.06.2005;Avenged Sevenfold
https://www.youtube.com/watch?v=jUkoL9RE72o;Seize the Day;City of Evil;06.06.2005;Avenged Sevenfold
https://www.youtube.com/watch?v=KVjBCT2Lc94;A Little Piece of Heaven;Avenged Sevenfold;30.10.2007;Avenged Sevenfold
https://www.youtube.com/watch?v=HIRNdveLnJI;Afterlife;Avenged Sevenfold;30.10.2007;Avenged Sevenfold
https://www.youtube.com/watch?v=Fi_GN1pHCVc;Almost Easy;Avenged Sevenfold;30.10.2007;Avenged Sevenfold
https://www.youtube.com/watch?v=mzX0rhF8buo;Dear God;Avenged Sevenfold;30.10.2007;Avenged Sevenfold
https://www.youtube.com/watch?v=3vDetD8cW_o;Gunslinger;Avenged Sevenfold;30.10.2007;Avenged Sevenfold
https://www.youtube.com/watch?v=imwmmv9r1oE;Buried Alive;Nightmare;27.07.2010;Avenged Sevenfold
https://www.youtube.com/watch?v=94bGzWyHbu0;Nightmare;Nightmare;27.07.2010;Avenged Sevenfold
https://www.youtube.com/watch?v=A7ry4cx6HfY;So Far Away;Nightmare;27.07.2010;Avenged Sevenfold
https://www.youtube.com/watch?v=QLoNbArsQP0;Welcome to the Family;Nightmare;27.07.2010;Avenged Sevenfold
https://www.youtube.com/watch?v=DelhLppPSxY;Hail to the King;Hail to the King;23.08.2013;Avenged Sevenfold
https://www.youtube.com/watch?v=bT8FEOJEFcI;Shepherd of Fire;Hail to the King;23.08.2013;Avenged Sevenfold
https://www.youtube.com/watch?v=Jgk3u44W2i4;This Means War;Hail to the King;23.08.2013;Avenged Sevenfold
https://www.youtube.com/watch?v=08SWNL0e5Z4;Glass Houses;Bad Omens;19.08.2016;Bad Omens
https://www.youtube.com/watch?v=cFWeW1pBYkM;The Worst in Me;Bad Omens;19.08.2016;Bad Omens
https://www.youtube.com/watch?v=h31THl8shy4;Dethrone;Finding God Before God Finds Me;02.08.2019;Bad Omens
https://www.youtube.com/watch?v=HSpaZjR_ULE;Limits;Finding God Before God Finds Me;02.08.2019;Bad Omens
https://www.youtube.com/watch?v=Sy8I2_JqIJ0;Never Know;Finding God Before God Finds Me;02.08.2019;Bad Omens
https://www.youtube.com/watch?v=IBcUkTXAwbw;Artificial Suicide;The Death of Peace of Mind;25.02.2022;Bad Omens
https://www.youtube.com/watch?v=o3xHEJZs7as;Concrete Jungle;The Death of Peace of Mind;25.02.2022;Bad Omens
https://www.youtube.com/watch?v=GLRFl26Q92s;Just Pretend;The Death of Peace of Mind;25.02.2022;Bad Omens
https://www.youtube.com/watch?v=Aibxit_PpAg;Like a Villain;The Death of Peace of Mind;25.02.2022;Bad Omens
https://www.youtube.com/watch?v=4a8CogWA3-Y;Nowhere to Go;The Death of Peace of Mind;25.02.2022;Bad Omens
https://www.youtube.com/watch?v=ERnA797fkoA;Take Me First;The Death of Peace of Mind;25.02.2022;Bad Omens
https://www.youtube.com/watch?v=ouW_RCAI0sg;The Death of Peace of Mind;The Death of Peace of Mind;25.02.2022;Bad Omens
https://www.youtube.com/watch?v=ZMAy5K8vEGc;The Grey;The Death of Peace of Mind;25.02.2022;Bad Omens
https://www.youtube.com/watch?v=ev_vPbqUlZs;V.A.N;Concrete Jungle [The OST];31.05.2024;Bad Omens
https://www.youtube.com/watch?v=EUe9UhcUtEI;Specter;Single;08.08.2025;Bad Omens
https://www.youtube.com/watch?v=gFDCHdKbKBY;Knives and Pens;We Stitch These Wounds;20.07.2010;Black Veil Brides
https://www.youtube.com/watch?v=C-S6EDNUmdc;Perfect Weapon;We Stitch These Wounds;20.07.2010;Black Veil Brides
https://www.youtube.com/watch?v=EiRkHLP8ys0;The Mortician's Daughter;We Stitch These Wounds;20.07.2010;Black Veil Brides
https://www.youtube.com/watch?v=VuGzJVKtW6g;Fallen Angels;Set the World on Fire;14.06.2011;Black Veil Brides
https://www.youtube.com/watch?v=Rl-_ZmNCOvo;Rebel Love Song;Set the World on Fire;14.06.2011;Black Veil Brides
https://www.youtube.com/watch?v=OsO9wGRf5hI;The Legacy;Set the World on Fire;14.06.2011;Black Veil Brides
https://www.youtube.com/watch?v=f0EQlIzPowM;In The End;Wretched and Divine: The Story of the Wild Ones;08.01.2013;Black Veil Brides
https://www.youtube.com/watch?v=KlDHbX7aUIM;Lost It All;Wretched and Divine: The Story of the Wild Ones;08.01.2013;Black Veil Brides
https://www.youtube.com/watch?v=Q2xni3EZbZk;Wretched and Divine;Wretched and Divine: The Story of the Wild Ones;08.01.2013;Black Veil Brides
https://www.youtube.com/watch?v=f-cxPIOAfSk;Goodbye Agony;Black Veil Brides;27.10.2014;Black Veil Brides
https://www.youtube.com/watch?v=RZxhWqxwsBQ;Heart of Fire;Black Veil Brides;27.10.2014;Black Veil Brides
https://www.youtube.com/watch?v=HBB37gsHJmQ;Wake Up;Vale;12.01.2018;Black Veil Brides
https://www.youtube.com/watch?v=kXPvviSqFYk;Saviour II;The Phantom Tomorrow;29.10.2021;Black Veil Brides
https://www.youtube.com/watch?v=G2A9Bbjlg84;Scarlet Cross;The Phantom Tomorrow;29.10.2021;Black Veil Brides
https://www.youtube.com/watch?v=AThcMJmiTXI;Bleeders;Vindicate;26.04.2024;Black Veil Brides
https://www.youtube.com/watch?v=beUL4Gw5Tpw;4 Words (To Choke Upon);The Poison;03.10.2005;Bullet for My Vallentine
https://www.youtube.com/watch?v=4q3KTBBsbpE;All These Things I Hate (Revolve Around Me);The Poison;03.10.2005;Bullet for My Vallentine
https://www.youtube.com/watch?v=c0SrxSMHDmE;Hand of Blood;The Poison;03.10.2005;Bullet for My Vallentine
https://www.youtube.com/watch?v=9sTQ0QdkN3Q;Tears Don't Fall;The Poison;03.10.2005;Bullet for My Vallentine
https://www.youtube.com/watch?v=0n3cUPTKnl0;Hearts Burst into Fire;Scream Aim Fire;28.01.2008;Bullet for My Vallentine
https://www.youtube.com/watch?v=gqI-6xag8Mg;Scream Aim Fire;Scream Aim Fire;28.01.2008;Bullet for My Vallentine
https://www.youtube.com/watch?v=q2I0ulTZWXA;Waking the Demon;Scream Aim Fire;28.01.2008;Bullet for My Vallentine
https://www.youtube.com/watch?v=lIQjj944jw0;Fever;Fever;26.04.2010;Bullet for My Vallentine
https://www.youtube.com/watch?v=gT3zXBd2ksk;The Last Fight;Fever;26.04.2010;Bullet for My Vallentine
https://www.youtube.com/watch?v=IHgFJEJgUrg;Your Betrayal;Fever;26.04.2010;Bullet for My Vallentine
https://www.youtube.com/watch?v=Sno_2g8Y-jI;You Want a Battle? (Here's a War);Venom;14.08.2015;Bullet for My Vallentine
https://www.youtube.com/watch?v=g6DdX51fnxM;Don't Need You;Gravity;29.06.2018;Bullet for My Vallentine
https://www.youtube.com/watch?v=Len0qLhmhL0;Letting You Go;Gravity;29.06.2018;Bullet for My Vallentine
https://www.youtube.com/watch?v=B4K0JLU6FKE;Over It;Gravity;29.06.2018;Bullet for My Vallentine
https://www.youtube.com/watch?v=Dv4lwcA12Uk;Radioactive;Gravity;29.06.2018;Bullet for My Vallentine
https://www.youtube.com/watch?v=Ga2r8bpzo5k;Good Girls, Bad Guys;The Drug in Me Is You;26.07.2011;Falling in Reverse
https://www.youtube.com/watch?v=ODhMdujZeEY;I'm Not a Vampire;The Drug in Me Is You;26.07.2011;Falling in Reverse
https://www.youtube.com/watch?v=rgWr2nln83s;The Drug In Me Is You;The Drug in Me Is You;26.07.2011;Falling in Reverse
https://www.youtube.com/watch?v=TzLZN1K-PUE;Bad Girls Club;Fashionably Late;18.06.2013;Falling in Reverse
https://www.youtube.com/watch?v=KPoaKxm4wDg;Fashionably Late;Fashionably Late;18.06.2013;Falling in Reverse
https://www.youtube.com/watch?v=bw5ZYNucLtA;Sexy Drug;Fashionably Late;18.06.2013;Falling in Reverse
https://www.youtube.com/watch?v=sRAG2NG5bkQ;Drugs;Single;08.04.2019;Falling in Reverse
https://www.youtube.com/watch?v=GB9jFPUb7HA;All My Life;Popular Monster;16.08.2024;Falling in Reverse
https://www.youtube.com/watch?v=ESOjt2_yJrU;Last Resort - Reimagined;Popular Monster;16.08.2024;Falling in Reverse
https://www.youtube.com/watch?v=jakpo7tj7Qw;Popular Monster;Popular Monster;16.08.2024;Falling in Reverse
https://www.youtube.com/watch?v=wWoQ7PFSYlk;Ronald;Popular Monster;16.08.2024;Falling in Reverse
https://www.youtube.com/watch?v=a7_e_NY-f3g;Voices in My Head;Popular Monster;16.08.2024;Falling in Reverse
https://www.youtube.com/watch?v=qMXESlny4-I;Watch the World Burn;Popular Monster;16.08.2024;Falling in Reverse
https://www.youtube.com/watch?v=YDDz1Er2IXA;ZOMBIFIED;Popular Monster;16.08.2024;Falling in Reverse
https://www.youtube.com/watch?v=xqJurrQKNdE;God Is a Weapon;Single;20.05.2025;Falling in Reverse
https://www.youtube.com/watch?v=F0vmjT-00DU;Someone Like You;Every Trick in the Book;25.09.2015;Falling in Reverse
https://www.youtube.com/watch?v=sPfYpOJ3shY;A Grave Mistake;The Silver Scream;05.10.2018;Ice Nine Kills
https://www.youtube.com/watch?v=H8dMnYvECkI;IT Is the End;The Silver Scream;05.10.2018;Ice Nine Kills
https://www.youtube.com/watch?v=I7zCZ5c3fSM;SAVAGES;The Silver Scream;05.10.2018;Ice Nine Kills
https://www.youtube.com/watch?v=wGns433H8nA;Stabbing in the Dark;The Silver Scream;05.10.2018;Ice Nine Kills
https://www.youtube.com/watch?v=5VBbS1e3LYI;Thank God It's Friday;The Silver Scream;05.10.2018;Ice Nine Kills
https://www.youtube.com/watch?v=JXq2TBAuL8o;The American Nightmare;The Silver Scream;05.10.2018;Ice Nine Kills
https://www.youtube.com/watch?v=j8vKjIakHbA;Assault & Batteries;Welcome to Horrorwood: The Silver Scream 2;15.10.2021;Ice Nine Kills
https://www.youtube.com/watch?v=aRNs79tzxUE;Ex-Mortis;Welcome to Horrorwood: The Silver Scream 2;15.10.2021;Ice Nine Kills
https://www.youtube.com/watch?v=1XP0Mu1dETo;Funeral Derangements;Welcome to Horrorwood: The Silver Scream 2;15.10.2021;Ice Nine Kills
https://www.youtube.com/watch?v=ozOb5FcnDf4;Hip to Be Scared;Welcome to Horrorwood: The Silver Scream 2;15.10.2021;Ice Nine Kills
https://www.youtube.com/watch?v=JZMlDGdzysk;Rainy Day;Welcome to Horrorwood: The Silver Scream 2;15.10.2021;Ice Nine Kills
https://www.youtube.com/watch?v=SFimwZsPIH8;The Shower Scene;Welcome to Horrorwood: The Silver Scream 2;15.10.2021;Ice Nine Kills
https://www.youtube.com/watch?v=gv06Prgq2z8;Welcome To Horrorwood;Welcome to Horrorwood: The Silver Scream 2;15.10.2021;Ice Nine Kills
https://www.youtube.com/watch?v=abAf2P-nYfg;A Work of Art;Single;11.10.2024;Ice Nine Kills
https://www.youtube.com/watch?v=Gd9OhYroLN0;Crawling;Hybrid Theory;24.10.2000;Linkin Park
https://www.youtube.com/watch?v=eVTXPUF4Oz4;In the End;Hybrid Theory;24.10.2000;Linkin Park
https://www.youtube.com/watch?v=4qlCC1GOwFw;One Step Closer;Hybrid Theory;24.10.2000;Linkin Park
https://www.youtube.com/watch?v=vjVkXlxsO8Q;Papercut;Hybrid Theory;24.10.2000;Linkin Park
https://www.youtube.com/watch?v=v2H4l9RpkwM;Breaking the Habit;Meteora;25.03.2003;Linkin Park
https://www.youtube.com/watch?v=LYU-8IFcDPw;Faint;Meteora;25.03.2003;Linkin Park
https://www.youtube.com/watch?v=kXYiU_JCYtU;Numb;Meteora;25.03.2003;Linkin Park
https://www.youtube.com/watch?v=zsCD5XCu6CM;Somewhere I Belong;Meteora;25.03.2003;Linkin Park
https://www.youtube.com/watch?v=_1oO4wzPCmE;Numb / Encore;Collision Course;30.11.2004;Linkin Park
https://www.youtube.com/watch?v=OnuuYcqhzCE;Bleed It Out;Minutes to Midnight;14.05.2007;Linkin Park
https://www.youtube.com/watch?v=0xyxtzD54rM;Given Up;Minutes to Midnight;14.05.2007;Linkin Park
https://www.youtube.com/watch?v=8sgycukafqQ;What I've Done;Minutes to Midnight;14.05.2007;Linkin Park
https://www.youtube.com/watch?v=dxytyRy-O1k;Burn It Down;Living Things;20.06.2012;Linkin Park
https://www.youtube.com/watch?v=Tm8LGxTLtQk;One More Light;One More Light;19.05.2017;Linkin Park
https://www.youtube.com/watch?v=SRXH9AbT280;The Emptiness Machine;From Zero;15.11.2024;Linkin Park
https://www.youtube.com/watch?v=FLTchCiC0T0;Seek & Destroy;Kill 'Em All;25.07.1983;Metallica
https://www.youtube.com/watch?v=9HZ_tx8aWuA;Fade to Black;Ride the Lightning;27.07.1984;Metallica
https://www.youtube.com/watch?v=B_HSa1dEL9s;For Whom the Bell Tolls;Ride the Lightning;27.07.1984;Metallica
https://www.youtube.com/watch?v=a_ITtP033RI;Battery;Master of Puppets;03.03.1986;Metallica
https://www.youtube.com/watch?v=E0ozmU9cJDg;Master of Puppets;Master of Puppets;03.03.1986;Metallica
https://www.youtube.com/watch?v=WM8bTdBs-cw;One;...And Justice for All;25.08.1988;Metallica
https://www.youtube.com/watch?v=CD-E-LDc384;Enter Sandman;Metallica;12.08.1991;Metallica
https://www.youtube.com/watch?v=tAGnKpE4NCI;Nothing Else Matters;Metallica;12.08.1991;Metallica
https://www.youtube.com/watch?v=A8MO7fkZc5o;Sad But True;Metallica;12.08.1991;Metallica
https://www.youtube.com/watch?v=Ckom3gf57Yw;The Unforgiven;Metallica;12.08.1991;Metallica
https://www.youtube.com/watch?v=dHUHxTiPFUU;Wherever I May Roam;Metallica;12.08.1991;Metallica
https://www.youtube.com/watch?v=PvF9PAxe5Ng;Fuel;Reload;18.11.1997;Metallica
https://www.youtube.com/watch?v=5bt7kAVxKfs;The Unforgiven II;Reload;18.11.1997;Metallica
https://www.youtube.com/watch?v=qPOTEs_yTJo;Turn the Page;Garage Inc.;24.11.1998;Metallica
https://www.youtube.com/watch?v=wsrvmNtWU4E;Whiskey in the Jar;Garage Inc.;24.11.1998;Metallica
https://www.youtube.com/watch?v=H2jCbXiEQI4;Between Angels and Insects;Infest;25.04.2000;Papa Roach
https://www.youtube.com/watch?v=tDcE3iz3zRE;Blood Brothers;Infest;25.04.2000;Papa Roach
https://www.youtube.com/watch?v=j0lSpNtjPM8;Last Resort;Infest;25.04.2000;Papa Roach
https://www.youtube.com/watch?v=aoZEtBQJN4c;She Loves Me Not;Lovehatetragedy;18.06.2002;Papa Roach
https://www.youtube.com/watch?v=-rdmG0k8S8k;Getting Away With Murder;Getting Away with Murder;31.08.2004;Papa Roach
https://www.youtube.com/watch?v=eHbNU9WuVgw;Scars;Getting Away with Murder;31.08.2004;Papa Roach
https://www.youtube.com/watch?v=REuLlW2ktMg;...To Be Loved;The Paramour Sessions;12.09.2006;Papa Roach
https://www.youtube.com/watch?v=_bISJ2zi1zQ;Forever;The Paramour Sessions;12.09.2006;Papa Roach
https://www.youtube.com/watch?v=aqYnMSUTFGU;Falling Apart;F.E.A.R.;27.01.2015;Papa Roach
https://www.youtube.com/watch?v=tIgtaM7OV4g;Gravity;F.E.A.R.;27.01.2015;Papa Roach
https://www.youtube.com/watch?v=6enZdk9LTqs;Born For Greatness;Crooked Teeth;19.05.2017;Papa Roach
https://www.youtube.com/watch?v=HYLTsdeO2uA;Help;Crooked Teeth;19.05.2017;Papa Roach
https://www.youtube.com/watch?v=sv29DzgiXZA;Wolf Totem;The Gereg (Deluxe);10.07.2020;Papa Roach
https://www.youtube.com/watch?v=GYDTcCf0xvw;Last Resort (Reloaded);Single;27.01.2021;Papa Roach
https://www.youtube.com/watch?v=_90GB5T73XI;Kill the Noise;Ego Trip;08.04.2022;Papa Roach
https://www.youtube.com/watch?v=SbjKOI8VTY0;Comatose;Comatose;03.10.2006;Skillet
https://www.youtube.com/watch?v=tfY4OfUXiYU;Falling Inside the Black;Comatose;03.10.2006;Skillet
https://www.youtube.com/watch?v=rZjpsT7VgNU;Rebirthing;Comatose;03.10.2006;Skillet
https://www.youtube.com/watch?v=chrPjWPG-nk;Whisper in the Dark;Comatose;03.10.2006;Skillet
https://www.youtube.com/watch?v=2aJUnltwsqs;Awake and Alive;Awake;25.08.2009;Skillet
https://www.youtube.com/watch?v=uGcsIdGOuZY;Hero;Awake;25.08.2009;Skillet
https://www.youtube.com/watch?v=1mjlM_RnsVE;Monster;Awake;25.08.2009;Skillet
https://www.youtube.com/watch?v=fgmpWkUcpjo;Not Gonna Die;Rise;25.06.2013;Skillet
https://www.youtube.com/watch?v=b3jQ0tFqG_0;Rise;Rise;25.06.2013;Skillet
https://www.youtube.com/watch?v=AHzU-9iozmo;Sick of It;Rise;25.06.2013;Skillet
https://www.youtube.com/watch?v=W44HrKFTPaE;Back from the Dead;Unleashed;05.08.2016;Skillet
https://www.youtube.com/watch?v=Qzw6A2WC5Qo;Feel Invincible;Unleashed;05.08.2016;Skillet
https://www.youtube.com/watch?v=SKnRdQiH3-k;The Resistance;Unleashed;05.08.2016;Skillet
https://www.youtube.com/watch?v=yD0bEMqxYbM;Finish Line;Victorious;02.08.2019;Skillet
https://www.youtube.com/watch?v=DApP8dCZOdU;Legendary;Victorious;02.08.2019;Skillet
https://www.youtube.com/watch?v=-cUXKKf6my0;The Offering;Sundowning;21.11.2019;Sleep Token
https://www.youtube.com/watch?v=uU5vVT_Cp7c;Alkaline;This Place Will Become Your Tomb;24.09.2021;Sleep Token
https://www.youtube.com/watch?v=2chcvo_70N0;Hypnosis;This Place Will Become Your Tomb;24.09.2021;Sleep Token
https://www.youtube.com/watch?v=nVE1ziLuSNg;Aqua Regia;Take Me Back to Eden;19.05.2023;Sleep Token
https://www.youtube.com/watch?v=Oqr05E-ikmU;Ascensionism;Take Me Back to Eden;19.05.2023;Sleep Token
https://www.youtube.com/watch?v=-UUSUrr6zyo;Chokehold;Take Me Back to Eden;19.05.2023;Sleep Token
https://www.youtube.com/watch?v=om4dEGKnEmw;Granite;Take Me Back to Eden;19.05.2023;Sleep Token
https://www.youtube.com/watch?v=7Fncun4ObQk;Rain;Take Me Back to Eden;19.05.2023;Sleep Token
https://www.youtube.com/watch?v=vFHBOKa_ZG0;Take Me Back to Eden;Take Me Back to Eden;19.05.2023;Sleep Token
https://www.youtube.com/watch?v=JYRgzsnMdnM;The Apparition;Take Me Back to Eden;19.05.2023;Sleep Token
https://www.youtube.com/watch?v=wJNbtYdr-Hg;The Summoning;Take Me Back to Eden;19.05.2023;Sleep Token
https://www.youtube.com/watch?v=4iSvoQNfrrk;Caramel;Even in Arcadia;09.05.2025;Sleep Token
https://www.youtube.com/watch?v=0NDqYZVbpho;Damocles;Even in Arcadia;09.05.2025;Sleep Token
https://www.youtube.com/watch?v=pM1ap2eOHsk;Dangerous;Even in Arcadia;09.05.2025;Sleep Token
https://www.youtube.com/watch?v=JJpFTUP6fIo;Emergence;Even in Arcadia;09.05.2025;Sleep Token
https://www.youtube.com/watch?v=LAMiX5EEbFU;Carnivore;Transmissions;08.07.2014;STARSET
https://www.youtube.com/watch?v=01BsH0p_T8c;Halo;Transmissions;08.07.2014;STARSET
https://www.youtube.com/watch?v=XZp3Mtn-YsI;It Has Begun;Transmissions;08.07.2014;STARSET
https://www.youtube.com/watch?v=xJtBYAKBByk;Let It Die;Transmissions;08.07.2014;STARSET
https://www.youtube.com/watch?v=LSvOTw8UH6s;My Demons;Transmissions;08.07.2014;STARSET
https://www.youtube.com/watch?v=_NTfbLtXTlw;Point of No Return;Transmissions;08.07.2014;STARSET
https://www.youtube.com/watch?v=WJxSNbAer9M;Die for You;Vessels;20.01.2017;STARSET
https://www.youtube.com/watch?v=Bq6IuZIJhuI;Monster;Vessels;20.01.2017;STARSET
https://www.youtube.com/watch?v=SaC0YVaIMno;Ricochet;Vessels;20.01.2017;STARSET
https://www.youtube.com/watch?v=mCbdQNGBw9E;Satellite;Vessels;20.01.2017;STARSET
https://www.youtube.com/watch?v=6Vcpf1geVfg;ECHO;DIVISIONS;13.09.2019;STARSET
https://www.youtube.com/watch?v=T-sjOGAQQzA;MANIFEST;DIVISIONS;13.09.2019;STARSET
https://www.youtube.com/watch?v=143gJ1ojeJM;TRIALS;DIVISIONS;13.09.2019;STARSET
https://www.youtube.com/watch?v=pggN6f4h4So;INFECTED;HORIZONS;22.10.2021;STARSET
https://www.youtube.com/watch?v=baQVB2W1KAQ;Waiting on the Sky to Change;Single;19.08.2022;STARSET
https://www.youtube.com/watch?v=x4EpbuqJcRw;Phenomenon;Phenomenon;20.05.2003;Thousand Foot Krutch
https://www.youtube.com/watch?v=ZAuYNq-vNdQ;Take It Out on Me;The Flame in All of Us;18.09.2007;Thousand Foot Krutch
https://www.youtube.com/watch?v=ytO2Ymslc9c;E for Extinction;Welcome to the Masquerade;08.09.2009;Thousand Foot Krutch
https://www.youtube.com/watch?v=GHFntcPBdL8;Fire It Up;Welcome to the Masquerade;08.09.2009;Thousand Foot Krutch
https://www.youtube.com/watch?v=-HXUyEWP1DE;Lifeline;Welcome to the Masquerade;08.09.2009;Thousand Foot Krutch
https://www.youtube.com/watch?v=Y8s5G0nSvco;Move;Welcome to the Masquerade;08.09.2009;Thousand Foot Krutch
https://www.youtube.com/watch?v=y9tNxsJf7N0;Welcome to the Masquerade;Welcome to the Masquerade;08.09.2009;Thousand Foot Krutch
https://www.youtube.com/watch?v=3L3R0o3PEyQ;Be Somebody;The End Is Where We Begin;17.04.2012;Thousand Foot Krutch
https://www.youtube.com/watch?v=ocpDEOXABWg;Courtesy Call;The End Is Where We Begin;17.04.2012;Thousand Foot Krutch
https://www.youtube.com/watch?v=y5A_ywn__nE;Fly on the Wall;The End Is Where We Begin;17.04.2012;Thousand Foot Krutch
https://www.youtube.com/watch?v=uNeat23LU0M;Let the Sparks Fly;The End Is Where We Begin;17.04.2012;Thousand Foot Krutch
https://www.youtube.com/watch?v=IPQ7mvL5_04;The End Is Where We Begin;The End Is Where We Begin;17.04.2012;Thousand Foot Krutch
https://www.youtube.com/watch?v=HdnTSXUWd3E;War of Change;The End Is Where We Begin;17.04.2012;Thousand Foot Krutch
https://www.youtube.com/watch?v=GqMbGQx05jg;We Are;The End Is Where We Begin;17.04.2012;Thousand Foot Krutch
https://www.youtube.com/watch?v=jSD5vSSGLOM;Untraveled Road;Oxygen: Inhale;26.08.2014;Thousand Foot Krutch
https://www.youtube.com/watch?v=7NQ8OCcQ3LA;Home;Three Days Grace;22.07.2003;Three Days Grace
https://www.youtube.com/watch?v=d8ekz_CSBVg;I Hate Everything About You;Three Days Grace;22.07.2003;Three Days Grace
https://www.youtube.com/watch?v=04fQTmvFfGo;Just Like You;Three Days Grace;22.07.2003;Three Days Grace
https://www.youtube.com/watch?v=xqds0B_meys;Animal I Have Become;One-X;13.06.2006;Three Days Grace
https://www.youtube.com/watch?v=BFNvNB_f8Kw;Gone Forever;One-X;13.06.2006;Three Days Grace
https://www.youtube.com/watch?v=lL2ZwXj1tXM;Never Too Late;One-X;13.06.2006;Three Days Grace
https://www.youtube.com/watch?v=Ud4HuAzHEUc;Pain;One-X;13.06.2006;Three Days Grace
https://www.youtube.com/watch?v=ixZDTiXiHsc;Riot;One-X;13.06.2006;Three Days Grace
https://www.youtube.com/watch?v=pMDcYX2wRSg;Time of Dying;One-X;13.06.2006;Three Days Grace
https://www.youtube.com/watch?v=_4VCpTZye10;Break;Life Starts Now;22.09.2009;Three Days Grace
https://www.youtube.com/watch?v=tzRk5EIHAoI;The Good Life;Life Starts Now;22.09.2009;Three Days Grace
https://www.youtube.com/watch?v=nuLMDvoshrk;Fallen Angel;Human;31.03.2015;Three Days Grace
https://www.youtube.com/watch?v=8Zx6RXGNISk;I Am Machine;Human;31.03.2015;Three Days Grace
https://www.youtube.com/watch?v=U8ai37gFvMk;Painkiller;Human;31.03.2015;Three Days Grace
